<platform xmlns="http://ns.adobe.com/air/extension/3.1">
    <description>An optional description.</description>
    <copyright>2011 (optional)</copyright>
    <sdkVersion>5.0.0</sdkVersion>
    <linkerOptions>
        <option>-ios_version_min 5.0</option>
        <option>-framework CFNetwork</option>
        <option>-framework StoreKit</option>
        <option>-framework AddressBook</option>
        <option>-framework SystemConfiguration</option>
        <option>-lxml2</option>
    </linkerOptions>
</platform>
