<?xml version="1.0" encoding="UTF-8"?>
<project name="build wrapper">

    <property file="global.properties"/>
    <property file="sdk.properties"/>

    <property name="AS3_WRAPPER_OUT" value="${basedir}/${OUT_FOLDER}"/>
    <property name="AS3_WRAPPER_CLASS" value="com.playphone.air.PlayPhoneMultiNetExt"/>
    <property name="AS3_WRAPPER_SOURCES" value="${basedir}/src/"/>

    <target name="compile">
        <mkdir dir="${AS3_WRAPPER_OUT}"/>
        <exec executable="${COMPC}" failonerror="true">
        <!-- java jar="${COMPC}" fork="true" failonerror="true" -->
            <arg value="+flexlib=${AIR_SDK}/frameworks"/>
            <arg value="+configname=air"/>
            <arg value="-swf-version=13"/>
            <arg value="-source-path"/>
            <arg value="${basedir}/src"/>
            <arg value="-include-sources"/>
            <arg value="${AS3_WRAPPER_SOURCES}"/>
            <arg value="-external-library-path"/>
            <arg value="${AIR_SDK}/frameworks/libs/air/airglobal.swc"/>
            <arg value="-output"/>
            <arg value="${AS3_WRAPPER_OUT}/${EXT_NAME}.swc"/>
        </exec>
        <unzip src="${AS3_WRAPPER_OUT}/${EXT_NAME}.swc" dest="${AS3_WRAPPER_OUT}"/>
    </target>

</project>